﻿designator,quantity,value,pack,mpn,mount_type
"C1, C4, C8",3,4.7uF,CAP_1608_TDK-L,C1608X6S1C475K080AC,smt
"C10, C18, C19, C3, C6, C7",6,22uF 6.3V,G-188_MUR-L,GRM188R60J226MEA0D,smt
C11,1,0.1uF,C_0603_1608Metric_Pad1.08x0.95mm_HandSolder,GRM188R72A104KA35D,smt
C12,1,220nF,C_0603_1608Metric_Pad1.08x0.95mm_HandSolder,CC0603KRX5R5BB224,smt
"C13, C14, C15, C16, C20, C21, C23, C24, C26, C27, C29, C30",12,22nF,CAPC1608X90N,GCM188R72A223KA37J,smt
C17,1,2.2uF X5R,CAP_GRM188R61E225KA12D_MUR-L,GRM188R61E225KA12D,smt
"C2, C5, C9",3,120pF,G-188_MUR-L,GRM1885C1H121JA01D,smt
"C22, C25, C28",3,2.2uF X7R,G-188_MUR-L,GRM188R71A225KE15D,smt
"C31, C32, C33, C34, C35, C36, C37, C38, C39, C40, C41, C42",12,10nF,G-033_MUR-L,GRM033R71A103KA01D,smt
"D1, D2, D3, D4, D6",5,Green,LED_0603_1608Metric_Pad1.05x0.95mm_HandSolder,150060VS75000,smt
D5,1,Red,LED_0603_1608Metric_Pad1.05x0.95mm_HandSolder,150060SS75000,smt
"H1, H2, H3, H4",4,MountingHole,MountingHole_2.7mm_M2.5,,tht
"J1, J2",2,DF40C-100DP-0.4V_51_,HIROSE_DF40C-100DP-0.4V_51_,,smt
"L1, L2, L3",3,470nH IHLP1212AB,IND_IHLP-1212AB_VIS-L,IHLP1212ABERR47M11,smt
"Q1, Q2, Q3",3,BSH111,SOT-23,BSH111BKR,smt
R1,1,453k 1%,R_0603_1608Metric_Pad1.05x0.95mm_HandSolder,RC0603FR-07453KL,smt
"R10, R15, R16, R26, R5",5,1k,R_0603_1608Metric_Pad1.05x0.95mm_HandSolder,RC0603FR-071KL,smt
R11,1,82.5 1%,R_0603_1608Metric_Pad1.05x0.95mm_HandSolder,RC0603FR-0782K5L,smt
"R12, R2, R7",3,100k 1%,R_0603_1608Metric_Pad1.05x0.95mm_HandSolder,RC0603FR-07100KL,smt
"R14, R22, R23, R24, R25, R36, R39, R4, R9",9,10k,R_0603_1608Metric_Pad1.05x0.95mm_HandSolder,RC0603FR-0710KL,smt
R17,1,100k 1%,R_0603_1608Metric_Pad0.98x0.95mm_HandSolder,RC0603FR-07100KL,smt
"R18, R19, R20",3,100k,R_0603_1608Metric_Pad0.98x0.95mm_HandSolder,RC0603FR-07100KL,smt
"R21, R27, R28, R29, R30, R31, R32, R33, R34, R35",10,4.7k,R_0603_1608Metric_Pad1.05x0.95mm_HandSolder,RC0603FR-074K7L,smt
"R37, R38",2,2.2k,R_0603_1608Metric_Pad1.05x0.95mm_HandSolder,RC0603FR-072K2L,smt
R6,1,316k 1%,R_0603_1608Metric_Pad1.05x0.95mm_HandSolder,RC0603FR-07316KL,smt
"U1, U3, U5",3,TPS62823DLC,Texas_VSON-HR-8_1.5x2mm_P0.5mm,TPS62823DLCR,smt
U10,1,MT48LC16M16A2P,TSOP-II-54_22.2x10.16mm_P0.8mm,,smt
U11,1,W25Q128JVSIQ,SOIC127P790X216-8N,,smt
U7,1,ADM811MART,SOT-143,ADM811MARTZ-REEL7,smt
U8,1,LM3880MF-1AA,SOT-23-6,LM3880MFX-1AA/NOPB,smt
U9,1,LFE5U-85F-6BG381x,Lattice_caBGA-381_17.0x17.0mm_Layout20x20_P0.8mm_Ball0.4mm_Pad0.4mm_NSMD,,smt
Y1,1,FNETHE025,Crystal_SMD_7050_4Pads,FNETHE025,smt
